cluster_id,poi_name,n_photos,top_keywords,tfidf_scores,description
0,Jpg Jpg Scooter Rillieuxlapape,406,"jpg jpg, jpg, scooter, rillieuxlapape, lalogothequecom, brignais, rallye gones, rallye, gones, vespa","0.448, 0.391, 0.348, 0.261, 0.247, 0.234, 0.223, 0.188, 0.188, 0.157","Jpg Jpg Scooter Rillieuxlapape: jpg jpg, jpg, scooter"
1,Corbas Campagne Brouillard Nature,136,"corbas, campagne, brouillard, nature, oiseau, hiver, saone, coucherdesoleil, nature fleur, ciel","0.683, 0.429, 0.286, 0.257, 0.253, 0.239, 0.123, 0.089, 0.089, 0.068","Corbas Campagne Brouillard Nature: corbas, campagne, brouillard"
2,Chaos Ddc Demeureduchaos Abodeofchaos,16682,"chaos, ddc, demeureduchaos, abodeofchaos, thierryehrmann, demeureduchaos thierryehrmann, alchemy, organmuseum, lespritdelasalamandre, salamanderspirit","0.170, 0.161, 0.146, 0.145, 0.141, 0.138, 0.138, 0.134, 0.132, 0.131","Chaos Ddc Demeureduchaos Abodeofchaos: chaos, ddc, demeureduchaos"
3,Miribel Jonage Ornithologie Vaulxenvelin,679,"miribel, jonage, ornithologie, vaulxenvelin, lac, nealpes vaulxenvelin, tang, animaux miribel, lac animaux, animaux","0.409, 0.377, 0.310, 0.299, 0.251, 0.244, 0.236, 0.213, 0.210, 0.185","Miribel Jonage Ornithologie Vaulxenvelin: miribel, jonage, ornithologie"
4,Parcdelat Tedor Sido Iot,6286,"sido, tedor, parcdelat, parcdelat tedor, iot, parc tete, internationale, cit, parc, transbordeur","0.448, 0.263, 0.241, 0.228, 0.227, 0.191, 0.186, 0.183, 0.182, 0.143","Parcdelat Tedor Sido Iot: sido, tedor, parcdelat"
5,Automne Autumn Cines Passerelle,79,"cines, passerelle, atelier, automne autumn, fall, allons, flower, enfants, autumn, jonage","0.541, 0.267, 0.254, 0.167, 0.133, 0.129, 0.125, 0.124, 0.123, 0.120","Automne Autumn Cines Passerelle: cines, passerelle, atelier"
6,Villeurbanne Boxe Maquette Miniature,1412,"villeurbanne, boxe, maquette, miniature, mini, soie, asvel, sports, world, cco","0.559, 0.272, 0.255, 0.245, 0.242, 0.236, 0.229, 0.202, 0.192, 0.177","Villeurbanne Boxe Maquette Miniature: villeurbanne, boxe, maquette"
7,Pasted Paper Croixrousse Europe,25613,"pasted, croixrousse, pasted paper, paper, europe, streetart, wheatpaper, wheatpaste, europe croixrousse, croixrousse streetart","0.348, 0.340, 0.270, 0.268, 0.215, 0.215, 0.178, 0.178, 0.178, 0.177","Pasted Paper Croixrousse Europe: pasted, croixrousse, pasted paper"
8,Mont Blanc Monocycle Chemin,112,"mont, blanc, monocycle, chemin, celine, lights, woman, landscape, portraits, shooting","0.833, 0.232, 0.116, 0.113, 0.100, 0.097, 0.095, 0.089, 0.088, 0.086","Mont Blanc Monocycle Chemin: mont, blanc, monocycle"
9,Laval Juillet Parc Vtt,202,"laval, juillet, parc, vtt, chateau, tassinlademilune, cute, lovely, affiche, fille","0.846, 0.311, 0.265, 0.168, 0.145, 0.114, 0.075, 0.065, 0.062, 0.061","Laval Juillet Parc Vtt: laval, juillet, parc"
10,Institutlumi Lumiere Weiqi Baduk,2222,"institutlumi, lumiere, lumi, weiqi, baduk, mus, musee, remus, lumiere voyage, europe museu","0.382, 0.281, 0.207, 0.176, 0.176, 0.167, 0.146, 0.143, 0.140, 0.140","Institutlumi Lumiere Weiqi Baduk: institutlumi, lumiere, lumi"
11,Guilloti Perrache River Europe,8193,"guilloti, perrache, river, europe, manifestation, guillotiere, bmx, pont, fleuve, lione","0.251, 0.208, 0.199, 0.195, 0.170, 0.169, 0.159, 0.145, 0.109, 0.105","Guilloti Perrache River Europe: guilloti, perrache, river"
12,Comp Tition Championnat Europe,522,"championnat, comp tition, comp, europe, tition, streetart streetart, streetart, sport, urba, urba urba","0.708, 0.374, 0.354, 0.325, 0.308, 0.116, 0.076, 0.048, 0.041, 0.039","Comp Tition Championnat Europe: championnat, comp tition, comp"
13,Accr Ditation Lou Gerland,3892,"lou, gerland, concert, live, accr ditation, accr, halletonygarnier, ubb, halle tony, ditation","0.246, 0.225, 0.190, 0.174, 0.165, 0.165, 0.162, 0.149, 0.143, 0.143","Accr Ditation Lou Gerland: lou, gerland, concert"
14,Tha Lande Chaponost Craponne,573,"chaponost, craponne, tha lande, tha, lande, mai, jpg, aqueduc, romain, pellicule","0.474, 0.463, 0.414, 0.414, 0.388, 0.234, 0.088, 0.046, 0.038, 0.015","Tha Lande Chaponost Craponne: chaponost, craponne, tha lande"
15,Inte Rieur Villeurbanne Lesinvites,2190,"villeurbanne, inte rieur, inte, rieur, lesinvites, artsdelarue, chat, spectacle villeurbanne, artidistrada, streetarts nealpes","0.667, 0.209, 0.209, 0.191, 0.151, 0.150, 0.150, 0.123, 0.116, 0.116","Inte Rieur Villeurbanne Lesinvites: villeurbanne, inte rieur, inte"
16,Sainte Foy Bulles,603,"foy, sainte foy, sainte, bulles, moso allons, allons moso, moso, allons, cosplay, hopital","0.597, 0.492, 0.304, 0.245, 0.220, 0.220, 0.220, 0.168, 0.110, 0.096","Sainte Foy Bulles: foy, sainte foy, sainte"
17,Parcdelat Tedor,8207,"tedor, parcdelat, parcdelat tedor, parc tete, parc, ldoll, tete, japan touch, haru, touch haru","0.376, 0.354, 0.324, 0.250, 0.215, 0.214, 0.193, 0.183, 0.174, 0.168","Parcdelat Tedor: tedor, parcdelat, parcdelat tedor"
18,Musee Confluences,10101,"confluence, confluences, mus, musee confluences, musee, architecture, edesconfluences, mus edesconfluences, lyoncity quartierdelaconfuence, quartierdelaconfuence confluence","0.704, 0.278, 0.213, 0.180, 0.144, 0.142, 0.132, 0.106, 0.091, 0.091","Musee Confluences: confluence, confluences, mus"
19,Railways Sncf Nissieux Mondiaux,1514,"nissieux, mondiaux, railways sncf, rotonde, frenchrailways, lou, railways, turntable, roundhouse, athl","0.317, 0.311, 0.268, 0.251, 0.237, 0.230, 0.215, 0.195, 0.181, 0.178","Railways Sncf Nissieux Mondiaux: nissieux, mondiaux, railways sncf"
20,Nissan Dardilly Ecole Mazda,420,"nissan, dardilly, ecole, mazda, bts, urbex urbexfrance, toyota, exploration explo, urbexfrance, abandoned abandonn","0.199, 0.173, 0.169, 0.148, 0.146, 0.146, 0.146, 0.146, 0.146, 0.146","Nissan Dardilly Ecole Mazda: nissan, dardilly, ecole"
21,Inte Rieur Oullins Champs,241,"oullins, champs, confluences, petit, inte rieur, inte, maison, rieur, gtr, hopital","0.578, 0.280, 0.233, 0.231, 0.207, 0.207, 0.200, 0.161, 0.137, 0.121","Inte Rieur Oullins Champs: oullins, champs, confluences"
22,Ile Barbe Cindy Lebarbe,1166,"cindy, ile barbe, barbe, ile, lebarbe, caluireetcuire, caluire, cuire, ghost, liveconcert","0.380, 0.369, 0.353, 0.292, 0.174, 0.147, 0.144, 0.139, 0.129, 0.104","Ile Barbe Cindy Lebarbe: cindy, ile barbe, barbe"
23,Filter Nofilter Flickrmobile,34,"filter nofilter, nofilter, flickrmobile flickriosapp, flickriosapp filter, flickrmobile, flickriosapp, uploaded flickrmobile, asvel, filter, sylvainmestre","0.267, 0.262, 0.251, 0.246, 0.246, 0.246, 0.246, 0.243, 0.237, 0.187","Filter Nofilter Flickrmobile: filter nofilter, nofilter, flickrmobile flickriosapp"
24,Paul Bocuse Collonges Lione,261,"bocuse, paul bocuse, paul, collonges, lione, francia lione, francia, lione francia, restaurant, pont","0.539, 0.493, 0.360, 0.287, 0.261, 0.175, 0.167, 0.156, 0.145, 0.112","Paul Bocuse Collonges Lione: bocuse, paul bocuse, paul"
25,Jpg Jpg Chaponost Champs,965,"jpg jpg, jpg, chaponost, champs, tags, timent, ballon, pose, mont, shooting","0.860, 0.505, 0.039, 0.026, 0.022, 0.019, 0.019, 0.017, 0.016, 0.015","Jpg Jpg Chaponost Champs: jpg jpg, jpg, chaponost"
26,Uni Bron,446,"bron, uni bron, unicyclebasketball monobasket, nealpes unicyclebasketball, bron monocycle, monobasket, unicycle, unicycle uni, monobasket monocyclebasket, unicyclebasketball","0.340, 0.239, 0.239, 0.239, 0.239, 0.239, 0.239, 0.239, 0.239, 0.239","Uni Bron: bron, uni bron, unicyclebasketball monobasket"
27,Trax Vallat Laval,108,"trax vallat, trax, vallat, laval, tourisme villes, villes filoer, villes, filoer, villages, villages tourisme","0.432, 0.432, 0.432, 0.313, 0.204, 0.204, 0.198, 0.198, 0.198, 0.198","Trax Vallat Laval: trax vallat, trax, vallat"
28,Jpg Jpg Sncf Fret,384,"jpg jpg, jpg, sncf, fret, reise kreuzfahrt, frankreich reise, kreuzfahrt arosaluna, kreuzfahrt, arosaluna, reise","0.856, 0.504, 0.056, 0.037, 0.022, 0.022, 0.022, 0.022, 0.022, 0.020","Jpg Jpg Sncf Fret: jpg jpg, jpg, sncf"
29,Fourviere Basilique Vieuxlyon Bellecour,38932,"fourviere, basilique, vieuxlyon, fourvi, bellecour, europe, lumieres, fete, saint jean, fete lumieres","0.296, 0.229, 0.208, 0.179, 0.171, 0.168, 0.159, 0.155, 0.143, 0.138","Fourviere Basilique Vieuxlyon Bellecour: fourviere, basilique, vieuxlyon"
30,Norbert Cellier Norbertcellier Tassin,901,"norbert, norbertcellier, cellier, norbert cellier, tassin, cellier norbertcellier, demi lune, tassinlademilune, sidence, demi","0.358, 0.358, 0.358, 0.357, 0.332, 0.303, 0.266, 0.261, 0.241, 0.198","Norbert Cellier Norbertcellier Tassin: norbert, norbertcellier, cellier"
31,Comit Unicefrh Ong,8205,"unicef, ong, comit unicefrh, unicefrh, ong comit, unicef ong, comit, dieu, partdieu, part","0.369, 0.366, 0.366, 0.366, 0.364, 0.356, 0.317, 0.102, 0.098, 0.096","Comit Unicefrh Ong: unicef, ong, comit unicefrh"
32,Gare Sncf Feyzin Usine,38,"gare, sncf, feyzin, usine, ter, train, vallat, trax, trax vallat, genie","0.401, 0.381, 0.366, 0.302, 0.214, 0.186, 0.184, 0.184, 0.184, 0.171","Gare Sncf Feyzin Usine: gare, sncf, feyzin"
33,Stadium Dion Cinescharpieu Calcio,990,"stadium, dion, cinescharpieu, calcio, futbol, hungary, portugal, goal, stade, soccer","0.397, 0.370, 0.240, 0.231, 0.231, 0.231, 0.214, 0.214, 0.206, 0.194","Stadium Dion Cinescharpieu Calcio: stadium, dion, cinescharpieu"
34,Meyzieu Cedric Animaux Oiseau,100,"meyzieu, cedric, animaux, oiseau, miribel, nature, export, miribel parc, animaux miribel, jpg","0.465, 0.458, 0.406, 0.344, 0.221, 0.214, 0.199, 0.178, 0.146, 0.136","Meyzieu Cedric Animaux Oiseau: meyzieu, cedric, animaux"
35,Club Pano Iglesia Paysages,10,"club, pano, iglesia, paysages, collage, sketch, bluesky, croquis, aquarelle, dessin","0.614, 0.392, 0.257, 0.211, 0.196, 0.183, 0.183, 0.172, 0.167, 0.167","Club Pano Iglesia Paysages: club, pano, iglesia"
36,Salon Lieux Auto Car,82,"salon, lieux, auto, car, show, voiture, mercedes, nofilter sharpei, sharpei, hdr","0.460, 0.430, 0.390, 0.367, 0.349, 0.311, 0.136, 0.091, 0.091, 0.073","Salon Lieux Auto Car: salon, lieux, auto"
37,Show Concert Oullins Foy,248,"oullins, show concert, foy, live, concert live, show, concert, sainte, minh, sainte foy","0.572, 0.385, 0.334, 0.281, 0.271, 0.240, 0.221, 0.206, 0.167, 0.167","Show Concert Oullins Foy: oullins, show concert, foy"
38,Insa Villeurbanne Cross Cco,1386,"insa, villeurbanne, cross, cco, metalmusic, septic, septic flesh, live, flesh, cia","0.728, 0.488, 0.421, 0.094, 0.070, 0.070, 0.070, 0.069, 0.064, 0.053","Insa Villeurbanne Cross Cco: insa, villeurbanne, cross"
39,Squareformat Rise Rillieuxlapape Pho,574,"rillieuxlapape, squareformat rise, rise iphoneography, rise, pho, pape, molition, venue square, tours, squareformat amaro","0.403, 0.385, 0.385, 0.377, 0.200, 0.200, 0.181, 0.172, 0.153, 0.108","Squareformat Rise Rillieuxlapape Pho: rillieuxlapape, squareformat rise, rise iphoneography"
40,Cimetiere Loyasse,2891,"cimetiere loyasse, loyasse, architecture tombe, cimeti cimetiere, tombe cimeti, cimeti, cimetiere, tombe, squareformat rise, rise iphoneography","0.317, 0.311, 0.284, 0.284, 0.263, 0.256, 0.248, 0.206, 0.182, 0.182","Cimetiere Loyasse: cimetiere loyasse, loyasse, architecture tombe"
41,Skatepark Skateboarding Saut,82,"skatepark, skateboarding, skateboard, skate, saut, street, sport, soleil, export, irisbus","0.411, 0.397, 0.385, 0.321, 0.307, 0.228, 0.222, 0.182, 0.182, 0.128","Skatepark Skateboarding Saut: skatepark, skateboarding, skateboard"
42,Plonge Vaulxenvelin Rho Piscine,154,"plonge, vaulxenvelin, rho, piscine, iphone, cours, photos, bokeh, filter, dsc","0.619, 0.539, 0.404, 0.388, 0.045, 0.032, 0.029, 0.023, 0.022, 0.022","Plonge Vaulxenvelin Rho Piscine: plonge, vaulxenvelin, rho"
43,Collonges Mont Terre Entre,154,"collonges, mont, terre, entre, saint, filter nofilter, nofilter, flickrmobile flickriosapp, flickrmobile, flickriosapp","0.646, 0.380, 0.265, 0.217, 0.210, 0.164, 0.161, 0.154, 0.151, 0.151","Collonges Mont Terre Entre: collonges, mont, terre"
44,Japan Touch Japantouch Eurexpo,3747,"japan touch, touch, japan, japantouch, eurexpo, cosplay, touch convention, japactu, japactu japactuinfo, japactuinfo","0.418, 0.403, 0.341, 0.277, 0.257, 0.239, 0.155, 0.148, 0.148, 0.148","Japan Touch Japantouch Eurexpo: japan touch, touch, japan"
45,Schuman Vaise Pont Inauguration,639,"schuman, vaise, pont, inauguration, duch, urba, urba urba, lumi, sncf, bridge","0.477, 0.444, 0.378, 0.190, 0.168, 0.147, 0.138, 0.130, 0.127, 0.124","Schuman Vaise Pont Inauguration: schuman, vaise, pont"
46,Etats Unis Tonygarnier Forum,775,"tonygarnier, forum, garnier, etats unis, agir, medef, etats, outils, tony garnier, unis","0.328, 0.299, 0.245, 0.209, 0.208, 0.204, 0.196, 0.192, 0.191, 0.185","Etats Unis Tonygarnier Forum: tonygarnier, forum, garnier"
47,Allons Moso Dardilly Lamborghini,134,"dardilly, lamborghini, moso, allons moso, moso allons, allons, nealpes jpg, auvergnerh nealpes, auvergnerh, jpg","0.480, 0.464, 0.342, 0.342, 0.326, 0.261, 0.171, 0.137, 0.137, 0.132","Allons Moso Dardilly Lamborghini: dardilly, lamborghini, moso"
48,Rocknroll Showrock Feyzin Live,187,"feyzin, live, show, epicerie, rocknroll showrock, hardrock, showrock, concert, show showmetal, lastfm","0.345, 0.210, 0.190, 0.180, 0.170, 0.168, 0.168, 0.161, 0.159, 0.155","Rocknroll Showrock Feyzin Live: feyzin, live, show"
49,Fete Lumieres Jacobins,14219,"lumieres, fete, jacobins, res, fete lumieres, tedeslumi, europe, place, francia, place jacobins","0.199, 0.199, 0.189, 0.185, 0.176, 0.158, 0.139, 0.138, 0.138, 0.127","Fete Lumieres Jacobins: lumieres, fete, jacobins"
